{"epochs": 499, "loss": 0.17452764511108398, "acc": 0.925000011920929, "val_loss": 0.9789569973945618, "val_acc": 0.5400000214576721, "_timestamp": 1669109130.7576108, "_runtime": 14.09430480003357, "_step": 499, "_wandb": {"runtime": 12}}