{"epochs": 499, "loss": 0.1259649246931076, "acc": 0.9566666483879089, "val_loss": 1.0812445878982544, "val_acc": 0.5400000214576721, "_timestamp": 1669109151.662346, "_runtime": 14.00988483428955, "_step": 499, "_wandb": {"runtime": 12}}