{"epochs": 499, "loss": 0.568, "acc": 0.794, "val_loss": 0.942, "val_acc": 0.654, "_timestamp": 1670331762.5866497, "_runtime": 4.3252527713775635, "_step": 499, "_wandb": {"runtime": 2}}