{"epochs": 499, "loss": 0.656, "acc": 0.733, "val_loss": 0.669, "val_acc": 0.68, "_timestamp": 1670267656.7980204, "_runtime": 3.914644479751587, "_step": 499, "_wandb": {"runtime": 3}}