{"epochs": 499, "loss": 0.444, "acc": 0.974, "val_loss": 1.322, "val_acc": 0.64, "_timestamp": 1669231654.200819, "_runtime": 1.7410070896148682, "_step": 499, "_wandb": {"runtime": 0}}