{"epochs": 499, "loss": 0.3630124628543854, "acc": 0.8683333396911621, "val_loss": 0.7043529748916626, "val_acc": 0.5600000023841858, "_timestamp": 1668506976.9450195, "_runtime": 11.33162546157837, "_step": 499, "_wandb": {"runtime": 10}}