{"epochs": 499, "loss": 0.27730101346969604, "acc": 0.8866666555404663, "val_loss": 0.7354443073272705, "val_acc": 0.5799999833106995, "_timestamp": 1669109193.7258596, "_runtime": 14.147292613983154, "_step": 499, "_wandb": {"runtime": 13}}