{"epochs": 499, "loss": 7.136, "acc": 0.535, "val_loss": 7.366, "val_acc": 0.52, "_timestamp": 1669231662.6205792, "_runtime": 1.7166101932525635, "_step": 499, "_wandb": {"runtime": 0}}