{"epochs": 499, "loss": 0.597, "acc": 0.884, "val_loss": 0.694, "val_acc": 0.62, "_timestamp": 1670269761.871912, "_runtime": 4.698251008987427, "_step": 499, "_wandb": {"runtime": 3}}