{"epochs": 3, "loss": 0.317, "acc": 0.86, "val_loss": 0.877, "val_acc": 0.562, "_timestamp": 1669122972.6436274, "_runtime": 2.0483083724975586, "_step": 3, "_wandb": {"runtime": 0}}