{"epochs": 499, "loss": 0.5509265065193176, "acc": 0.8299999833106995, "val_loss": 0.6670510172843933, "val_acc": 0.6000000238418579, "_timestamp": 1669109215.764797, "_runtime": 14.424213886260986, "_step": 499, "_wandb": {"runtime": 13}}