{"epochs": 499, "loss": 0.3242143392562866, "acc": 0.8733333349227905, "val_loss": 0.7046640515327454, "val_acc": 0.5600000023841858, "_timestamp": 1668506992.9711998, "_runtime": 11.455037832260132, "_step": 499, "_wandb": {"runtime": 10}}