{"epochs": 499, "loss": 0.274, "acc": 0.942, "val_loss": 0.825, "val_acc": 0.62, "_timestamp": 1669231645.8713927, "_runtime": 1.0793747901916504, "_step": 499, "_wandb": {"runtime": 0}}