{"epochs": 499, "loss": 0.3372635841369629, "acc": 0.8683333396911621, "val_loss": 0.7054153680801392, "val_acc": 0.6200000047683716, "_timestamp": 1669109109.6545799, "_runtime": 14.017068862915039, "_step": 499, "_wandb": {"runtime": 12}}