{"epochs": 499, "loss": 0.08571167290210724, "acc": 0.9666666388511658, "val_loss": 1.0669913291931152, "val_acc": 0.5799999833106995, "_timestamp": 1669109172.7760699, "_runtime": 14.17188286781311, "_step": 499, "_wandb": {"runtime": 13}}